artwork_id,y_pred_log
ARTW-000002,11.595998857627983
ARTW-000003,11.4795631814308
ARTW-000004,11.489493192060714
ARTW-000005,11.566889938578687
ARTW-000006,11.4795631814308
ARTW-000008,11.4795631814308
ARTW-000009,11.49752572195626
ARTW-000010,11.654216695726575
ARTW-000011,11.419180235071103
ARTW-000012,11.4795631814308
ARTW-000014,11.179521804435794
ARTW-000015,11.52057761636823
ARTW-000016,10.779086941677734
ARTW-000017,11.594432468122024
ARTW-000019,11.068942115194568
ARTW-000020,11.4795631814308
ARTW-000021,11.654216695726575
ARTW-000022,11.654216695726575
ARTW-000023,11.358797288711406
ARTW-000024,11.49752572195626
ARTW-000025,11.53778101952939
ARTW-000026,11.49752572195626
ARTW-000027,10.96212014219673
ARTW-000028,11.654216695726575
ARTW-000029,11.358797288711404
ARTW-000030,11.346397346607091
ARTW-000031,11.620189095410021
ARTW-000032,11.394903808613215
ARTW-000033,11.419180235071103
ARTW-000034,11.431010328515027
ARTW-000035,11.514493884289955
ARTW-000036,11.654216695726575
ARTW-000037,11.493035086824895
ARTW-000039,11.278341854517695
ARTW-000041,11.358797288711404
ARTW-000042,11.49678588140625
ARTW-000044,11.378952517974248
ARTW-000045,11.4795631814308
ARTW-000046,11.490340705746075
ARTW-000048,11.419180235071103
ARTW-000049,11.44937170825095
ARTW-000050,11.4795631814308
ARTW-000051,11.536698465398837
ARTW-000052,11.385698996436956
ARTW-000054,11.566889938578688
ARTW-000055,11.482690674160446
ARTW-000056,11.358797288711404
ARTW-000057,11.4795631814308
ARTW-000058,11.358797288711404
ARTW-000059,11.4795631814308
ARTW-000060,11.439307883857667
ARTW-000061,11.4795631814308
ARTW-000062,11.4795631814308
ARTW-000063,11.523226560004744
ARTW-000064,11.49752572195626
ARTW-000065,11.4795631814308
ARTW-000066,11.53778101952939
ARTW-000067,11.54987613842041
ARTW-000069,11.4795631814308
ARTW-000070,11.358797288711404
ARTW-000071,11.419180235071103
ARTW-000073,11.325044708878236
ARTW-000074,11.363378170680855
ARTW-000075,11.278341854517695
ARTW-000078,11.566889938578687
ARTW-000080,11.584656324189131
ARTW-000081,11.595998857627983
ARTW-000082,11.654216695726575
ARTW-000083,11.486183188517408
ARTW-000084,11.439307883857667
ARTW-000085,11.566889938578687
ARTW-000086,11.399074650665558
ARTW-000087,11.44937170825095
ARTW-000088,11.654216695726575
ARTW-000089,11.340197375554935
ARTW-000090,11.4795631814308
ARTW-000091,11.5281915653197
ARTW-000092,11.53778101952939
ARTW-000093,11.570017431308333
ARTW-000094,11.654216695726575
ARTW-000096,11.126871837493658
ARTW-000097,11.439307883857667
ARTW-000100,11.358797288711404
ARTW-000101,11.49752572195626
ARTW-000102,11.4795631814308
ARTW-000103,11.53778101952939
ARTW-000104,11.419180235071103
ARTW-000106,11.4795631814308
ARTW-000107,11.358797288711404
ARTW-000108,11.419180235071103
ARTW-000109,11.4795631814308
ARTW-000110,11.654216695726575
ARTW-000111,11.566889938578687
ARTW-000112,11.307082168352776
ARTW-000113,11.654216695726575
ARTW-000114,11.419180235071103
ARTW-000115,11.566889938578687
ARTW-000116,11.4795631814308
ARTW-000117,11.4795631814308
ARTW-000118,11.4795631814308
ARTW-000120,11.419180235071103
ARTW-000121,11.4795631814308
ARTW-000122,11.4795631814308
ARTW-000123,11.53778101952939
ARTW-000124,11.514008581381699
ARTW-000125,11.258708052051887
ARTW-000126,11.4795631814308
ARTW-000127,11.419180235071103
ARTW-000128,11.595998857627983
ARTW-000129,11.419180235071103
ARTW-000132,11.358797288711404
ARTW-000134,11.399052586284535
ARTW-000135,11.4795631814308
ARTW-000136,11.566889938578687
ARTW-000138,11.493035086824895
ARTW-000139,11.439307883857667
ARTW-000140,11.358797288711404
ARTW-000141,11.419180235071103
ARTW-000142,11.4795631814308
ARTW-000143,11.4795631814308
ARTW-000144,11.566889938578687
ARTW-000145,11.4795631814308
ARTW-000146,11.4795631814308
ARTW-000147,11.4795631814308
ARTW-000148,11.654216695726575
ARTW-000149,11.493035086824895
ARTW-000150,11.358797288711404
ARTW-000151,11.4795631814308
ARTW-000152,11.50650699221899
ARTW-000154,11.278341854517695
ARTW-000155,11.654216695726575
ARTW-000156,11.653392798459338
ARTW-000157,11.484528186745756
ARTW-000158,11.54987613842041
ARTW-000159,11.654216695726575
ARTW-000160,10.454429087722282
ARTW-000161,11.358797288711404
ARTW-000162,11.462843613645045
ARTW-000163,11.54987613842041
ARTW-000164,11.4795631814308
ARTW-000165,11.466187527202198
ARTW-000166,11.358797288711404
ARTW-000169,11.4795631814308
ARTW-000170,11.419180235071103
ARTW-000171,11.419180235071103
ARTW-000172,11.419180235071103
ARTW-000173,11.4795631814308
ARTW-000174,11.49752572195626
ARTW-000175,11.419180235071103
ARTW-000176,11.358797288711404
ARTW-000177,11.399052586284535
ARTW-000178,11.4795631814308
ARTW-000179,11.419180235071103
ARTW-000180,11.4795631814308
ARTW-000181,11.654216695726575
ARTW-000182,11.4795631814308
ARTW-000183,11.4795631814308
ARTW-000184,11.490340705746075
ARTW-000185,11.423517844549961
ARTW-000186,11.54987613842041
ARTW-000187,11.50650699221899
ARTW-000188,11.654216695726575
ARTW-000189,11.5281915653197
ARTW-000190,11.4795631814308
ARTW-000191,11.44937170825095
ARTW-000193,11.536698465398839
ARTW-000194,11.4795631814308
ARTW-000195,11.419180235071103
ARTW-000196,11.4795631814308
ARTW-000197,11.566889938578687
ARTW-000198,11.4795631814308
ARTW-000199,11.4795631814308
ARTW-000200,11.566889938578687
ARTW-000202,11.4795631814308
ARTW-000203,11.654216695726575
ARTW-000204,11.486183188517408
ARTW-000205,11.439307883857667
ARTW-000206,11.457270424383127
ARTW-000207,11.399052586284535
ARTW-000209,11.4795631814308
ARTW-000210,11.419180235071103
ARTW-000212,11.4795631814308
ARTW-000213,11.358797288711404
ARTW-000214,11.654216695726575
ARTW-000215,11.654216695726575
ARTW-000216,11.4795631814308
ARTW-000218,11.654216695726575
ARTW-000219,11.654216695726575
ARTW-000220,11.419180235071103
ARTW-000221,11.61055331715263
ARTW-000222,11.4795631814308
ARTW-000223,11.358797288711404
ARTW-000224,11.654216695726575
ARTW-000225,11.654216695726575
ARTW-000226,11.52635405273439
ARTW-000227,11.50650699221899
ARTW-000228,11.4795631814308
ARTW-000229,11.399052586284535
ARTW-000230,11.53778101952939
ARTW-000231,11.566889938578687
ARTW-000232,11.358797288711404
ARTW-000235,11.53778101952939
ARTW-000236,11.49752572195626
ARTW-000239,10.917657849740104
ARTW-000240,11.163177465068927
ARTW-000241,10.917657849740104
ARTW-000242,11.566889938578687
ARTW-000243,11.439307883857667
ARTW-000244,11.53778101952939
ARTW-000245,11.399052586284535
ARTW-000246,11.654216695726575
ARTW-000247,11.419180235071103
ARTW-000249,11.4795631814308
ARTW-000250,11.50650699221899
ARTW-000251,11.163177465068927
ARTW-000252,11.310223944726028
ARTW-000253,10.917657849740104
ARTW-000254,11.4795631814308
ARTW-000256,11.595998857627983
ARTW-000257,11.419180235071103
ARTW-000258,11.419180235071103
ARTW-000259,11.654216695726575
ARTW-000261,11.4795631814308
ARTW-000262,11.654216695726575
ARTW-000263,11.358797288711404
ARTW-000264,11.4795631814308
ARTW-000265,11.419180235071103
ARTW-000266,11.654216695726575
ARTW-000267,11.4795631814308
ARTW-000268,11.4795631814308
ARTW-000270,11.4795631814308
ARTW-000271,11.4795631814308
ARTW-000272,11.54987613842041
ARTW-000273,11.566889938578687
ARTW-000274,11.4795631814308
ARTW-000276,11.457270424383127
ARTW-000277,11.419180235071103
ARTW-000278,11.4795631814308
ARTW-000279,11.419180235071103
ARTW-000280,11.358797288711404
ARTW-000282,11.50650699221899
ARTW-000283,11.595998857627983
ARTW-000284,11.4795631814308
ARTW-000286,11.4795631814308
ARTW-000288,11.4795631814308
ARTW-000289,11.457270424383127
ARTW-000290,11.264033642038571
ARTW-000291,10.616758014700007
ARTW-000292,11.010971080491203
ARTW-000293,11.399052586284535
ARTW-000294,11.4795631814308
ARTW-000295,11.4795631814308
ARTW-000296,11.53778101952939
ARTW-000297,11.566889938578688
ARTW-000298,11.480649432039677
ARTW-000299,11.021402865847074
ARTW-000300,11.490340705746075
ARTW-000301,11.566889938578688
ARTW-000302,11.358797288711406
ARTW-000303,11.490340705746075
ARTW-000304,11.358797288711404
ARTW-000305,11.526438486090541
ARTW-000306,11.566889938578687
ARTW-000307,11.558327716583932
ARTW-000309,11.654216695726575
ARTW-000310,11.419180235071103
ARTW-000311,11.490340705746075
ARTW-000312,11.49752572195626
ARTW-000314,11.53778101952939
ARTW-000316,11.654216695726575
ARTW-000318,11.419180235071103
ARTW-000319,11.514493884289955
ARTW-000320,11.566889938578687
ARTW-000321,11.51846588854192
ARTW-000322,11.654216695726575
ARTW-000323,11.4795631814308
ARTW-000324,11.566889938578687
ARTW-000325,11.4795631814308
ARTW-000326,11.53778101952939
ARTW-000328,11.4795631814308
ARTW-000329,11.4795631814308
ARTW-000330,11.50650699221899
ARTW-000331,11.419180235071103
ARTW-000332,11.419180235071103
ARTW-000333,11.536698465398839
ARTW-000334,11.4795631814308
ARTW-000335,11.566889938578687
ARTW-000337,11.654216695726575
ARTW-000338,11.345415630155395
ARTW-000339,11.566889938578688
ARTW-000340,11.602046417073494
ARTW-000342,11.53778101952939
ARTW-000343,11.566889938578687
ARTW-000345,11.365300006451369
ARTW-000346,11.4795631814308
ARTW-000347,11.442034348658318
ARTW-000349,11.523226560004744
ARTW-000350,11.4795631814308
ARTW-000351,11.4795631814308
ARTW-000352,11.4795631814308
ARTW-000353,11.4795631814308
ARTW-000354,11.4795631814308
ARTW-000355,11.4795631814308
ARTW-000356,11.358797288711404
ARTW-000357,11.44937170825095
ARTW-000358,11.462843613645045
ARTW-000359,11.50650699221899
ARTW-000361,11.566889938578687
ARTW-000362,11.4795631814308
ARTW-000363,11.50650699221899
ARTW-000364,11.4795631814308
ARTW-000365,11.419180235071103
ARTW-000366,11.439307883857667
ARTW-000367,11.358797288711404
ARTW-000368,11.525271408605231
ARTW-000370,11.4795631814308
ARTW-000371,11.4795631814308
ARTW-000372,11.50650699221899
ARTW-000374,11.566889938578688
ARTW-000375,11.480866682161452
ARTW-000376,11.4795631814308
ARTW-000377,11.523226560004744
ARTW-000378,11.654216695726575
ARTW-000379,11.523226560004744
ARTW-000380,11.4795631814308
ARTW-000381,11.4795631814308
ARTW-000382,11.4795631814308
ARTW-000383,11.4795631814308
ARTW-000384,11.358797288711406
ARTW-000385,11.419180235071103
ARTW-000386,11.566889938578688
ARTW-000388,11.48790707906252
ARTW-000389,11.322367280722371
ARTW-000390,11.310223944726028
ARTW-000392,11.3973545469589
ARTW-000394,11.4795631814308
ARTW-000395,11.358797288711404
ARTW-000396,11.654216695726575
ARTW-000397,11.358797288711404
ARTW-000398,11.4795631814308
ARTW-000399,11.4795631814308
ARTW-000400,11.419180235071103
ARTW-000401,11.654216695726575
ARTW-000402,11.4795631814308
ARTW-000403,11.4795631814308
ARTW-000404,11.4795631814308
ARTW-000406,11.494959644738335
ARTW-000408,11.4795631814308
ARTW-000409,11.4795631814308
ARTW-000410,11.4795631814308
ARTW-000411,11.53778101952939
ARTW-000413,11.654216695726575
ARTW-000415,11.654216695726575
ARTW-000416,11.4795631814308
ARTW-000417,11.566889938578687
ARTW-000418,11.358797288711404
ARTW-000419,11.358797288711404
ARTW-000420,11.4795631814308
ARTW-000421,11.53778101952939
ARTW-000423,10.779086941677734
ARTW-000424,11.473195793031815
ARTW-000425,11.063249441830925
ARTW-000426,11.682357944025059
ARTW-000427,10.779086941677734
ARTW-000428,11.358797288711404
ARTW-000429,10.99823414621445
ARTW-000430,11.4795631814308
ARTW-000431,11.566889938578687
ARTW-000432,11.419180235071103
ARTW-000433,11.4795631814308
ARTW-000434,11.566889938578687
ARTW-000435,11.483733171736995
ARTW-000436,11.4795631814308
ARTW-000437,11.4795631814308
ARTW-000439,11.358797288711406
ARTW-000440,11.358797288711404
ARTW-000441,11.07712052760459
ARTW-000442,11.399052586284535
ARTW-000443,11.4795631814308
ARTW-000444,11.4795631814308
ARTW-000445,10.863199408377199
ARTW-000446,11.49752572195626
ARTW-000447,11.523226560004744
ARTW-000448,11.4795631814308
ARTW-000449,11.483535185682765
ARTW-000450,11.160458715454066
ARTW-000451,11.4795631814308
ARTW-000453,11.4795631814308
ARTW-000454,11.4795631814308
ARTW-000456,11.4795631814308
ARTW-000458,11.4795631814308
ARTW-000459,11.4795631814308
ARTW-000460,11.358797288711404
ARTW-000461,11.50650699221899
ARTW-000462,11.392424423368343
ARTW-000463,11.4795631814308
ARTW-000464,11.485818166890093
ARTW-000465,11.4795631814308
ARTW-000466,11.566889938578687
ARTW-000467,11.637202895568297
ARTW-000468,11.50650699221899
ARTW-000469,11.566889938578687
ARTW-000470,11.523226560004744
ARTW-000471,11.454720107437364
ARTW-000472,11.4795631814308
ARTW-000473,11.382457475599255
ARTW-000474,11.330399665058474
ARTW-000475,11.399052586284535
ARTW-000477,11.566889938578687
ARTW-000478,11.563348043814505
ARTW-000479,11.44937170825095
ARTW-000480,11.580361843972781
ARTW-000481,11.523226560004744
ARTW-000483,11.566889938578687
ARTW-000484,11.419180235071103
ARTW-000485,11.484528186745756
ARTW-000486,11.4795631814308
ARTW-000487,11.4795631814308
ARTW-000488,11.4795631814308
ARTW-000489,11.419180235071103
ARTW-000491,11.570017431308333
ARTW-000492,11.4795631814308
ARTW-000494,11.4795631814308
ARTW-000495,11.466279275122135
ARTW-000497,11.4795631814308
ARTW-000498,11.523226560004744
ARTW-000499,11.595998857627983
ARTW-000500,11.4795631814308
ARTW-000501,11.4795631814308
ARTW-000502,11.439307883857667
ARTW-000503,11.566889938578688
ARTW-000504,11.358797288711404
ARTW-000505,11.4795631814308
ARTW-000506,11.358797288711404
ARTW-000507,11.493035086824895
ARTW-000508,11.431256824343041
ARTW-000509,11.4795631814308
ARTW-000510,11.49752572195626
ARTW-000511,11.4795631814308
ARTW-000512,11.4795631814308
ARTW-000515,11.566889938578687
ARTW-000516,11.654216695726575
ARTW-000517,11.523226560004744
ARTW-000519,11.419180235071103
ARTW-000520,11.55574356005485
ARTW-000521,11.4795631814308
ARTW-000522,11.4795631814308
ARTW-000523,11.654216695726575
ARTW-000524,11.576709305377367
ARTW-000525,11.419180235071103
ARTW-000526,11.431256824343041
ARTW-000527,11.54987613842041
ARTW-000528,11.595998857627983
ARTW-000529,11.654216695726575
ARTW-000530,11.4795631814308
ARTW-000531,11.4795631814308
ARTW-000536,11.566889938578687
ARTW-000537,11.49752572195626
ARTW-000538,11.419180235071103
ARTW-000539,11.419180235071103
ARTW-000540,11.483733171736995
ARTW-000541,11.654216695726575
ARTW-000542,11.4795631814308
ARTW-000543,11.419180235071103
ARTW-000545,11.566889938578687
ARTW-000546,11.654216695726575
ARTW-000547,11.4795631814308
ARTW-000548,11.419180235071103
ARTW-000549,11.4795631814308
ARTW-000550,11.358797288711404
ARTW-000551,11.358797288711404
ARTW-000552,11.566889938578687
ARTW-000553,11.4795631814308
ARTW-000554,11.566889938578687
ARTW-000555,11.517653370742826
ARTW-000556,10.558296762632823
ARTW-000558,11.654216695726575
ARTW-000559,11.358797288711404
ARTW-000560,11.4795631814308
ARTW-000561,11.4795631814308
ARTW-000562,11.50650699221899
ARTW-000563,11.419180235071103
ARTW-000564,11.4795631814308
ARTW-000565,11.4795631814308
ARTW-000566,11.263174367342037
ARTW-000567,11.4795631814308
ARTW-000568,11.489493192060714
ARTW-000570,11.4795631814308
ARTW-000571,11.439307883857667
ARTW-000572,11.49752572195626
ARTW-000573,11.439307883857667
ARTW-000574,11.388988761891254
ARTW-000575,11.358797288711404
ARTW-000576,11.4795631814308
ARTW-000579,11.4795631814308
ARTW-000580,11.419180235071103
ARTW-000582,11.53778101952939
ARTW-000583,11.654216695726575
ARTW-000584,11.44937170825095
ARTW-000585,11.419180235071103
ARTW-000586,11.4795631814308
ARTW-000587,10.395237960755514
ARTW-000588,11.493035086824895
ARTW-000589,11.4795631814308
ARTW-000590,11.584656324189131
ARTW-000591,11.577549769944955
ARTW-000592,11.419180235071103
ARTW-000593,11.4795631814308
ARTW-000594,11.44937170825095
ARTW-000595,11.49752572195626
ARTW-000596,11.4795631814308
ARTW-000597,11.419180235071103
ARTW-000598,11.4795631814308
ARTW-000599,11.4795631814308
ARTW-000600,11.431256824343043
ARTW-000601,11.49752572195626
ARTW-000602,11.537781019529392
ARTW-000603,11.358797288711406
ARTW-000604,11.399052586284535
ARTW-000605,11.4795631814308
ARTW-000606,10.740174117678128
ARTW-000607,11.4795631814308
ARTW-000608,11.4795631814308
ARTW-000609,11.4795631814308
ARTW-000610,11.220841661813765
ARTW-000611,11.4795631814308
ARTW-000612,11.4795631814308
ARTW-000613,11.4795631814308
ARTW-000615,11.4795631814308
ARTW-000616,11.4795631814308
ARTW-000617,11.654216695726575
ARTW-000618,11.566889938578687
ARTW-000620,11.71161063655793
ARTW-000621,11.419180235071103
ARTW-000622,11.439307883857667
ARTW-000623,11.49752572195626
ARTW-000624,11.44937170825095
ARTW-000626,11.4795631814308
ARTW-000627,11.419180235071103
ARTW-000628,11.358797288711404
ARTW-000629,11.49752572195626
ARTW-000630,11.44937170825095
ARTW-000631,11.4527568723076
ARTW-000632,11.4795631814308
ARTW-000633,11.439307883857667
ARTW-000635,11.447194612820285
ARTW-000636,11.50650699221899
ARTW-000637,11.4795631814308
ARTW-000638,11.566889938578687
ARTW-000639,11.4795631814308
ARTW-000640,11.42668182423381
ARTW-000643,11.4795631814308
ARTW-000644,11.4795631814308
ARTW-000645,11.345415630155395
ARTW-000646,11.50650699221899
ARTW-000647,11.514493884289955
ARTW-000648,11.517653370742826
ARTW-000649,11.654216695726575
ARTW-000650,11.814549575231492
ARTW-000651,11.81454957523149
ARTW-000652,11.654216695726575
ARTW-000653,10.558296762632823
ARTW-000654,11.814549575231492
ARTW-000655,11.4795631814308
ARTW-000658,11.4795631814308
ARTW-000659,11.419180235071103
ARTW-000660,11.4795631814308
ARTW-000661,11.16755144597267
ARTW-000662,11.335303972038291
ARTW-000663,11.335303972038291
ARTW-000664,11.358797288711404
ARTW-000665,11.4795631814308
ARTW-000666,11.419180235071103
ARTW-000670,11.4795631814308
ARTW-000671,11.55838303849955
ARTW-000672,11.4795631814308
ARTW-000673,11.654216695726575
ARTW-000674,11.393865800196226
ARTW-000676,11.654216695726575
ARTW-000677,11.4795631814308
ARTW-000679,11.566889938578687
ARTW-000680,11.220841661813765
ARTW-000681,11.4795631814308
ARTW-000683,11.419180235071103
ARTW-000684,11.654216695726575
ARTW-000685,11.4795631814308
ARTW-000686,11.439307883857667
ARTW-000687,11.50650699221899
ARTW-000688,11.4795631814308
ARTW-000689,11.537781019529392
ARTW-000690,11.4795631814308
ARTW-000691,11.571854943893642
ARTW-000692,11.654216695726575
ARTW-000693,11.595998857627983
ARTW-000694,11.4795631814308
ARTW-000695,11.50650699221899
ARTW-000696,11.4795631814308
ARTW-000697,11.566889938578688
ARTW-000698,11.4795631814308
ARTW-000700,11.4795631814308
ARTW-000701,11.358797288711404
ARTW-000702,11.4795631814308
ARTW-000703,11.4795631814308
ARTW-000704,11.4795631814308
ARTW-000705,11.514493884289955
ARTW-000706,11.399052586284535
ARTW-000708,11.4795631814308
ARTW-000709,11.514493884289955
ARTW-000710,11.4795631814308
ARTW-000711,11.278341854517695
ARTW-000714,11.559707177115353
ARTW-000715,10.524049878781177
ARTW-000717,11.358797288711404
ARTW-000718,11.4795631814308
ARTW-000719,11.55574356005485
ARTW-000720,11.217958908157996
ARTW-000721,11.566889938578687
ARTW-000722,11.4795631814308
ARTW-000723,11.441598324842394
ARTW-000724,11.734383135479034
ARTW-000725,10.05331442863653
ARTW-000726,11.559707177115353
ARTW-000727,11.814549575231492
ARTW-000728,11.814549575231492
ARTW-000729,11.419180235071103
ARTW-000730,11.4795631814308
ARTW-000731,11.358797288711406
ARTW-000732,11.654216695726575
ARTW-000734,11.4795631814308
ARTW-000735,11.425095281793064
ARTW-000737,11.4795631814308
ARTW-000739,11.439307883857667
ARTW-000740,11.490340705746075
ARTW-000741,10.950526165525087
ARTW-000742,11.4795631814308
ARTW-000743,11.493035086824895
ARTW-000744,11.493035086824895
ARTW-000745,11.4795631814308
ARTW-000746,11.419180235071103
ARTW-000747,11.358797288711404
ARTW-000748,11.358797288711404
ARTW-000749,11.4795631814308
ARTW-000750,11.358797288711404
ARTW-000751,11.654216695726575
ARTW-000752,11.517653370742826
ARTW-000753,11.419180235071103
ARTW-000754,11.566889938578687
ARTW-000755,11.654216695726575
ARTW-000757,11.536698465398839
ARTW-000758,11.4795631814308
ARTW-000759,11.566889938578687
ARTW-000760,11.566889938578687
ARTW-000761,11.4795631814308
ARTW-000762,11.4795631814308
ARTW-000763,11.4795631814308
ARTW-000764,11.654216695726575
ARTW-000765,11.358797288711404
ARTW-000766,11.566889938578687
ARTW-000767,11.4795631814308
ARTW-000768,11.4795631814308
ARTW-000769,11.566889938578688
ARTW-000770,11.4795631814308
ARTW-000771,11.459435532644234
ARTW-000772,11.419180235071103
ARTW-000773,11.566889938578687
ARTW-000774,11.4795631814308
ARTW-000775,11.4795631814308
ARTW-000776,11.566889938578687
ARTW-000777,11.654216695726575
ARTW-000778,11.814549575231492
ARTW-000779,9.836044757968699
ARTW-000780,11.654216695726575
ARTW-000781,11.4795631814308
ARTW-000782,11.481126927795623
ARTW-000784,11.49752572195626
ARTW-000785,11.44937170825095
ARTW-000786,11.54987613842041
ARTW-000787,11.358797288711404
ARTW-000788,11.419180235071103
ARTW-000789,11.419180235071103
ARTW-000790,11.55574356005485
ARTW-000791,11.55574356005485
ARTW-000792,11.4795631814308
ARTW-000793,11.4795631814308
ARTW-000795,11.4795631814308
ARTW-000796,11.566889938578687
ARTW-000797,11.654216695726575
ARTW-000798,11.566889938578687
ARTW-000799,11.654216695726575
ARTW-000800,11.566889938578687
ARTW-000801,11.4795631814308
ARTW-000802,11.654216695726575
ARTW-000803,11.439307883857667
ARTW-000804,11.462843613645045
ARTW-000805,11.439307883857667
ARTW-000806,11.654216695726575
ARTW-000807,11.455286754972914
ARTW-000808,11.4795631814308
ARTW-000809,11.337232291251368
ARTW-000810,11.54987613842041
ARTW-000811,11.566889938578687
ARTW-000812,11.566889938578687
ARTW-000813,11.4795631814308
ARTW-000814,11.4795631814308
ARTW-000815,11.50650699221899
ARTW-000817,11.419180235071103
ARTW-000818,11.40363346825399
ARTW-000819,11.37062738215533
ARTW-000820,11.406939315247152
ARTW-000821,11.4795631814308
ARTW-000823,11.4795631814308
ARTW-000824,11.358797288711404
ARTW-000825,11.654216695726575
ARTW-000826,11.595998857627983
ARTW-000827,11.501118230061351
ARTW-000829,11.61055331715263
ARTW-000830,11.566889938578687
ARTW-000832,11.4795631814308
ARTW-000833,11.654216695726575
ARTW-000834,11.4795631814308
ARTW-000835,11.54987613842041
ARTW-000836,11.4795631814308
ARTW-000837,11.566889938578687
ARTW-000838,11.490340705746075
ARTW-000839,11.50650699221899
ARTW-000840,11.4795631814308
ARTW-000841,11.4795631814308
ARTW-000842,11.4795631814308
ARTW-000844,11.4795631814308
ARTW-000845,11.50650699221899
ARTW-000846,11.566889938578688
ARTW-000848,11.654216695726575
ARTW-000849,11.484528186745756
ARTW-000850,11.4795631814308
ARTW-000851,11.308168418961653
ARTW-000853,11.4795631814308
ARTW-000854,11.4795631814308
ARTW-000855,11.4795631814308
ARTW-000856,11.654216695726575
ARTW-000857,11.358797288711404
ARTW-000858,11.358797288711404
ARTW-000859,11.419180235071103
ARTW-000860,11.4795631814308
ARTW-000863,11.4795631814308
ARTW-000864,11.4795631814308
ARTW-000865,11.4795631814308
ARTW-000866,11.445927890944276
ARTW-000868,11.501118230061351
ARTW-000869,11.308168418961653
ARTW-000871,11.419180235071103
ARTW-000873,11.49752572195626
ARTW-000874,11.439307883857667
ARTW-000875,11.814549575231492
ARTW-000876,11.96597365981655
ARTW-000877,11.814549575231492
ARTW-000878,9.836044757968699
ARTW-000879,11.106256729179698
ARTW-000880,11.734383135479034
ARTW-000881,10.779086941677734
ARTW-000882,10.779086941677734
ARTW-000883,10.779086941677734
ARTW-000885,11.362506777710294
ARTW-000886,11.654216695726575
ARTW-000887,11.493035086824895
ARTW-000888,11.4795631814308
ARTW-000889,11.4795631814308
ARTW-000891,11.566889938578687
ARTW-000895,11.4795631814308
ARTW-000896,11.419180235071103
ARTW-000899,11.4795631814308
ARTW-000900,11.358797288711404
ARTW-000901,11.654216695726575
ARTW-000902,11.4795631814308
ARTW-000903,11.4795631814308
ARTW-000904,11.365300006451369
ARTW-000905,11.577549769944955
ARTW-000906,11.4795631814308
ARTW-000907,11.480494253381265
ARTW-000908,11.320010948442432
ARTW-000909,10.000785053925457
ARTW-000910,10.435493258328647
ARTW-000911,11.442034348658318
ARTW-000912,11.637092251737064
ARTW-000913,11.489493192060714
ARTW-000914,11.50650699221899
ARTW-000915,11.4795631814308
ARTW-000916,11.4795631814308
ARTW-000920,9.91345829677757
ARTW-000921,11.4795631814308
ARTW-000922,11.4795631814308
ARTW-000923,11.399052586284535
ARTW-000924,11.439307883857667
ARTW-000925,11.44937170825095
ARTW-000926,10.759110509356352
ARTW-000928,11.595998857627983
ARTW-000929,11.49752572195626
ARTW-000930,11.4795631814308
ARTW-000931,11.4795631814308
ARTW-000933,11.4795631814308
ARTW-000934,11.104440246806547
ARTW-000935,11.4795631814308
ARTW-000936,10.96212014219673
ARTW-000937,11.419180235071103
ARTW-000938,10.000785053925457
ARTW-000939,11.4795631814308
ARTW-000940,11.4795631814308
ARTW-000941,11.654216695726575
ARTW-000942,11.4795631814308
ARTW-000943,11.4795631814308
ARTW-000945,11.523226560004744
ARTW-000946,11.53778101952939
ARTW-000947,11.419180235071103
ARTW-000948,11.514493884289955
ARTW-000949,11.4795631814308
ARTW-000950,10.246835635323599
ARTW-000951,11.4795631814308
ARTW-000953,11.595998857627983
ARTW-000954,11.566889938578687
ARTW-000955,11.566889938578687
ARTW-000956,11.4795631814308
ARTW-000957,11.358797288711404
ARTW-000958,11.419180235071103
ARTW-000959,11.4795631814308
ARTW-000960,11.493035086824895
ARTW-000961,11.439307883857667
ARTW-000962,11.4795631814308
ARTW-000963,11.358797288711404
ARTW-000964,11.4795631814308
ARTW-000966,11.4795631814308
ARTW-000967,11.431256824343041
ARTW-000968,11.419180235071103
ARTW-000969,11.53778101952939
ARTW-000970,11.4795631814308
ARTW-000971,11.358797288711404
ARTW-000972,11.4795631814308
ARTW-000973,11.4795631814308
ARTW-000974,11.439307883857667
ARTW-000975,11.536698465398839
ARTW-000976,11.4795631814308
ARTW-000977,11.523226560004744
ARTW-000978,11.4795631814308
ARTW-000980,11.439307883857667
ARTW-000981,11.439307883857667
ARTW-000982,11.566889938578687
ARTW-000983,11.654216695726575
ARTW-000984,11.4795631814308
ARTW-000985,11.566889938578687
ARTW-000986,11.654216695726575
ARTW-000987,11.358797288711404
ARTW-000988,11.4795631814308
ARTW-000989,11.4795631814308
ARTW-000990,11.4795631814308
ARTW-000991,11.523226560004744
ARTW-000994,11.4795631814308
ARTW-000996,11.4795631814308
ARTW-000998,11.566889938578687
ARTW-000999,11.49752572195626
ARTW-001000,11.419180235071103
ARTW-001001,11.386852097899261
ARTW-001002,11.4795631814308
ARTW-001003,11.4795631814308
ARTW-001004,11.4795631814308
ARTW-001006,11.566889938578688
ARTW-001008,11.4795631814308
ARTW-001009,11.4795631814308
ARTW-001010,11.566889938578687
ARTW-001011,11.4795631814308
ARTW-001012,11.595998857627983
ARTW-001013,11.526634641005556
ARTW-001014,11.439307883857667
ARTW-001015,10.96212014219673
ARTW-001016,11.412489405793098
ARTW-001017,11.4795631814308
ARTW-001018,11.654216695726575
ARTW-001019,11.566889938578687
ARTW-001020,11.4795631814308
ARTW-001021,11.49752572195626
ARTW-001022,11.4795631814308
ARTW-001024,11.4795631814308
ARTW-001025,11.4795631814308
ARTW-001026,11.4795631814308
ARTW-001027,11.566889938578687
ARTW-001028,11.566889938578687
ARTW-001030,11.358797288711404
ARTW-001032,11.49752572195626
ARTW-001033,11.4795631814308
ARTW-001034,10.972489066891
ARTW-001035,11.4795631814308
ARTW-001036,11.4795631814308
ARTW-001037,11.4795631814308
ARTW-001038,11.654216695726575
ARTW-001039,11.566889938578687
ARTW-001040,11.459435532644234
ARTW-001041,11.595998857627983
ARTW-001042,11.53778101952939
ARTW-001043,11.4795631814308
ARTW-001044,11.358797288711404
ARTW-001045,11.654216695726575
ARTW-001046,11.4795631814308
ARTW-001047,11.493035086824895
ARTW-001048,11.50650699221899
ARTW-001049,11.4795631814308
ARTW-001050,11.4795631814308
ARTW-001051,11.4795631814308
ARTW-001052,11.4795631814308
ARTW-001053,11.50650699221899
ARTW-001054,11.566889938578687
ARTW-001055,11.523226560004744
ARTW-001056,11.407103645799163
ARTW-001058,11.462843613645045
ARTW-001059,11.4795631814308
ARTW-001060,11.307082168352776
ARTW-001061,11.490340705746075
ARTW-001062,11.4795631814308
ARTW-001063,11.419180235071103
ARTW-001064,11.4795631814308
ARTW-001065,11.323557313701734
ARTW-001066,11.4795631814308
ARTW-001067,11.4795631814308
ARTW-001069,11.4795631814308
ARTW-001070,11.358797288711404
ARTW-001071,11.4795631814308
ARTW-001072,11.358797288711404
ARTW-001073,11.358797288711404
ARTW-001076,11.4795631814308
ARTW-001077,11.439307883857667
ARTW-001078,11.358797288711404
ARTW-001080,11.566889938578687
ARTW-001081,11.439307883857667
ARTW-001082,11.439307883857667
ARTW-001083,11.439307883857667
ARTW-001084,11.50650699221899
ARTW-001085,11.4795631814308
ARTW-001087,11.4795631814308
ARTW-001089,11.4795631814308
ARTW-001091,11.419180235071103
ARTW-001092,11.526438486090541
ARTW-001093,11.566889938578687
ARTW-001094,11.68967570439331
ARTW-001096,11.48373513024666
ARTW-001097,11.49752572195626
ARTW-001098,11.523226560004744
ARTW-001099,11.278341854517695
ARTW-001101,11.4795631814308
ARTW-001102,11.4795631814308
ARTW-001103,11.4795631814308
ARTW-001104,11.566889938578688
ARTW-001106,11.4795631814308
ARTW-001107,11.50650699221899
ARTW-001108,11.4795631814308
ARTW-001109,11.4795631814308
ARTW-001110,11.392424423368341
ARTW-001111,11.4795631814308
ARTW-001112,11.419180235071103
ARTW-001114,11.419180235071103
ARTW-001115,11.358797288711404
ARTW-001116,11.49752572195626
ARTW-001117,11.4795631814308
ARTW-001118,11.49752572195626
ARTW-001119,11.49752572195626
ARTW-001121,11.485818166890093
ARTW-001122,11.439307883857667
ARTW-001123,11.53778101952939
ARTW-001124,11.4795631814308
ARTW-001125,11.4795631814308
ARTW-001126,11.399052586284535
ARTW-001127,11.308168418961653
ARTW-001128,11.4795631814308
ARTW-001129,11.54987613842041
ARTW-001130,11.53778101952939
ARTW-001131,11.220841661813765
ARTW-001132,11.566889938578687
ARTW-001133,11.4795631814308
ARTW-001134,11.393865800196226
ARTW-001135,11.53778101952939
ARTW-001136,11.431256824343043
ARTW-001137,11.4795631814308
ARTW-001138,11.07712052760459
ARTW-001139,11.45541000288692
ARTW-001140,11.566889938578688
ARTW-001141,11.4795631814308
ARTW-001142,11.484528186745756
ARTW-001143,11.432652140465198
ARTW-001145,11.4795631814308
ARTW-001146,11.4795631814308
ARTW-001148,11.4795631814308
ARTW-001149,11.4795631814308
ARTW-001151,11.439307883857667
ARTW-001153,11.4795631814308
ARTW-001154,11.419180235071103
ARTW-001155,11.490340705746075
ARTW-001156,11.482690674160446
ARTW-001157,11.4795631814308
ARTW-001158,11.485125779851947
ARTW-001159,11.345415630155395
ARTW-001160,11.4795631814308
ARTW-001162,11.566889938578687
ARTW-001163,11.53778101952939
ARTW-001164,11.419180235071103
ARTW-001165,11.53778101952939
ARTW-001167,10.602138791229866
ARTW-001170,11.4795631814308
ARTW-001171,11.654216695726575
ARTW-001172,11.566889938578687
ARTW-001173,11.358797288711404
ARTW-001174,11.4795631814308
ARTW-001175,11.4795631814308
ARTW-001176,11.307082168352776
ARTW-001177,11.55574356005485
ARTW-001178,11.49752572195626
ARTW-001180,11.654216695726575
ARTW-001181,11.5281915653197
ARTW-001182,11.4795631814308
ARTW-001183,11.654216695726575
ARTW-001185,10.696510739104184
ARTW-001186,11.654216695726575
ARTW-001187,11.468416802906964
ARTW-001188,11.432652140465198
ARTW-001189,11.4795631814308
ARTW-001190,11.566889938578687
ARTW-001191,11.4795631814308
ARTW-001192,11.393865800196226
ARTW-001193,11.4795631814308
ARTW-001194,11.54987613842041
ARTW-001195,11.419180235071103
ARTW-001196,11.4795631814308
ARTW-001200,11.595998857627983
ARTW-001201,11.419180235071103
ARTW-001202,11.55574356005485
ARTW-001203,11.358797288711404
ARTW-001204,11.4795631814308
ARTW-001205,11.566889938578687
ARTW-001206,11.4795631814308
ARTW-001207,11.4795631814308
ARTW-001208,11.4795631814308
ARTW-001209,11.419180235071103
ARTW-001210,11.53778101952939
ARTW-001211,11.4795631814308
ARTW-001212,11.566889938578688
ARTW-001214,11.358797288711406
ARTW-001215,11.419180235071103
ARTW-001216,11.523226560004744
ARTW-001217,11.4795631814308
ARTW-001218,11.4795631814308
ARTW-001219,11.44937170825095
ARTW-001220,11.566889938578687
ARTW-001221,11.216651818702154
ARTW-001222,10.779086941677734
ARTW-001223,11.358797288711406
ARTW-001224,11.457270424383127
ARTW-001225,11.351164244271445
ARTW-001226,11.4795631814308
ARTW-001227,11.419180235071103
ARTW-001228,11.4795631814308
ARTW-001229,11.489493192060714
ARTW-001230,11.49752572195626
ARTW-001231,11.358797288711406
ARTW-001233,11.566889938578688
ARTW-001234,11.654216695726575
ARTW-001235,11.4795631814308
ARTW-001236,11.358797288711404
ARTW-001237,11.4795631814308
ARTW-001238,11.358797288711404
ARTW-001239,11.358797288711404
ARTW-001241,11.4795631814308
ARTW-001242,11.358797288711404
ARTW-001243,11.363378170680855
ARTW-001244,11.4795631814308
ARTW-001245,11.358797288711404
ARTW-001246,11.53778101952939
ARTW-001247,11.010659513150484
ARTW-001248,11.358797288711404
ARTW-001249,11.419180235071103
ARTW-001250,11.53778101952939
ARTW-001251,11.654216695726575
ARTW-001252,11.4795631814308
ARTW-001253,11.4795631814308
ARTW-001254,11.365668611665583
ARTW-001255,11.536698465398839
ARTW-001256,11.266826870779644
ARTW-001257,11.4795631814308
ARTW-001258,11.419180235071103
ARTW-001259,11.4795631814308
ARTW-001261,11.407103645799163
ARTW-001262,11.654216695726575
ARTW-001263,11.566889938578687
ARTW-001264,11.399052586284535
ARTW-001265,11.4795631814308
ARTW-001266,11.50650699221899
ARTW-001267,11.358797288711404
ARTW-001268,11.06894211519457
ARTW-001269,11.216651818702154
ARTW-001270,10.779086941677734
ARTW-001271,10.779086941677734
ARTW-001272,11.493035086824895
ARTW-001273,11.4795631814308
ARTW-001274,11.595998857627983
ARTW-001275,11.4795631814308
ARTW-001276,11.53778101952939
ARTW-001277,11.4795631814308
ARTW-001278,11.419180235071103
ARTW-001279,11.4795631814308
ARTW-001280,11.514493884289955
ARTW-001281,11.50650699221899
ARTW-001282,11.53778101952939
ARTW-001283,11.53778101952939
ARTW-001284,11.4795631814308
ARTW-001285,11.493035086824895
ARTW-001286,11.419180235071103
ARTW-001287,11.13180792653368
ARTW-001288,11.24285521930467
ARTW-001289,11.070796859694013
ARTW-001290,11.358797288711404
ARTW-001291,11.213869701952987
ARTW-001292,11.393865800196226
ARTW-001293,11.419180235071103
ARTW-001294,11.49752572195626
ARTW-001295,11.358797288711406
ARTW-001296,11.4795631814308
ARTW-001297,11.358797288711406
ARTW-001298,11.4795631814308
ARTW-001299,11.358797288711404
ARTW-001300,11.4795631814308
ARTW-001302,11.4795631814308
ARTW-001303,11.285937272733339
ARTW-001304,10.917657849740104
ARTW-001305,10.917657849740104
ARTW-001306,10.917657849740104
ARTW-001307,11.138227569225755
ARTW-001308,11.42261589654819
ARTW-001309,11.4795631814308
ARTW-001310,11.53778101952939
ARTW-001311,11.4795631814308
ARTW-001312,11.4795631814308
ARTW-001313,11.566889938578687
ARTW-001314,11.4795631814308
ARTW-001315,11.613137500886207
ARTW-001316,11.514493884289955
ARTW-001317,11.439307883857667
ARTW-001319,11.566889938578688
ARTW-001320,11.21940028498588
ARTW-001322,11.313702175439383
ARTW-001323,11.4795631814308
ARTW-001328,11.566889938578687
ARTW-001329,11.4795631814308
ARTW-001330,11.523226560004744
ARTW-001331,11.493035086824895
ARTW-001332,11.278341854517697
ARTW-001334,11.358797288711406
ARTW-001335,11.431256824343041
ARTW-001336,11.654216695726575
ARTW-001337,11.654216695726575
ARTW-001338,11.579365189599814
ARTW-001339,11.49752572195626
ARTW-001340,11.4795631814308
ARTW-001342,11.566889938578687
ARTW-001343,11.07712052760459
ARTW-001344,11.4795631814308
ARTW-001345,11.654216695726575
ARTW-001346,11.419180235071103
ARTW-001347,11.419180235071103
ARTW-001348,11.358797288711404
ARTW-001349,11.620189095410021
ARTW-001350,11.620189095410021
ARTW-001351,11.358797288711404
ARTW-001352,11.654216695726575
ARTW-001354,11.065721130288454
ARTW-001355,10.98521053514219
ARTW-001356,11.523226560004744
ARTW-001357,11.50650699221899
ARTW-001359,10.863199408377199
ARTW-001360,11.654216695726575
ARTW-001361,10.514812034081979
ARTW-001362,11.544401026616
ARTW-001363,11.44937170825095
ARTW-001364,11.419180235071103
ARTW-001367,11.53778101952939
ARTW-001369,11.4795631814308
ARTW-001370,11.539086280060504
ARTW-001371,11.419180235071103
ARTW-001372,11.482690674160446
ARTW-001373,11.49752572195626
ARTW-001374,11.51846588854192
ARTW-001375,11.350202421622281
ARTW-001376,11.654216695726575
ARTW-001377,10.96212014219673
ARTW-001378,11.4795631814308
ARTW-001379,11.53778101952939
ARTW-001380,11.654216695726575
ARTW-001381,11.4795631814308
ARTW-001384,11.482690674160446
ARTW-001386,11.4795631814308
ARTW-001387,11.4795631814308
ARTW-001388,11.419180235071103
ARTW-001391,11.4795631814308
ARTW-001392,11.4795631814308
ARTW-001393,11.566889938578687
ARTW-001394,11.4795631814308
ARTW-001395,11.4795631814308
ARTW-001396,11.49752572195626
ARTW-001397,11.566889938578687
ARTW-001398,11.358797288711404
ARTW-001400,11.4795631814308
ARTW-001401,11.16755144597267
ARTW-001402,11.358797288711404
ARTW-001403,11.365300006451369
ARTW-001404,11.654216695726575
ARTW-001405,11.4795631814308
ARTW-001406,11.4795631814308
ARTW-001407,11.419180235071103
ARTW-001408,11.44937170825095
ARTW-001409,11.4795631814308
ARTW-001410,11.419180235071103
ARTW-001411,11.358797288711404
ARTW-001412,11.4795631814308
ARTW-001413,11.4795631814308
ARTW-001414,11.4795631814308
ARTW-001416,11.419180235071103
ARTW-001417,11.264905035009132
ARTW-001418,11.4795631814308
ARTW-001419,11.4795631814308
ARTW-001420,11.41100527644314
ARTW-001421,11.4795631814308
ARTW-001422,11.654216695726575
ARTW-001423,11.4795631814308
ARTW-001424,11.307082168352776
ARTW-001425,11.53778101952939
ARTW-001426,11.49752572195626
ARTW-001427,11.4795631814308
ARTW-001428,11.49752572195626
ARTW-001429,11.55574356005485
ARTW-001430,11.54987613842041
ARTW-001431,11.654216695726575
ARTW-001432,11.4795631814308
ARTW-001433,11.439307883857667
ARTW-001434,11.620189095410021
ARTW-001435,11.4795631814308
ARTW-001436,11.654216695726575
ARTW-001438,10.917657849740104
ARTW-001439,11.138227569225755
ARTW-001440,10.779086941677734
ARTW-001441,11.362506777710294
ARTW-001442,11.682357944025059
ARTW-001443,10.870603541937232
ARTW-001445,11.544401026616
ARTW-001446,11.494312709998042
ARTW-001448,11.4795631814308
ARTW-001449,11.566889938578687
ARTW-001450,11.419180235071103
ARTW-001451,11.439307883857667
ARTW-001452,11.537781019529392
ARTW-001453,11.439307883857667
ARTW-001454,11.50650699221899
ARTW-001455,11.4795631814308
ARTW-001456,11.53778101952939
ARTW-001457,11.493035086824895
ARTW-001458,11.49752572195626
ARTW-001459,11.4795631814308
ARTW-001460,11.654216695726575
ARTW-001461,11.457270424383129
ARTW-001462,11.566889938578688
ARTW-001463,11.4795631814308
ARTW-001464,11.439307883857667
ARTW-001465,8.493105395887147
ARTW-001466,11.439307883857667
ARTW-001467,9.986334288658973
ARTW-001468,11.431010328515027
ARTW-001469,11.431010328515027
ARTW-001470,11.4795631814308
ARTW-001471,11.419180235071103
ARTW-001472,11.654216695726575
ARTW-001473,11.595998857627983
ARTW-001474,11.536698465398837
ARTW-001475,11.399052586284535
ARTW-001476,11.358797288711404
ARTW-001478,11.4795631814308
ARTW-001479,11.325044708878236
ARTW-001480,11.53778101952939
ARTW-001482,11.439307883857667
ARTW-001484,11.419180235071103
ARTW-001486,11.382457475599255
ARTW-001487,11.4795631814308
ARTW-001488,11.394903808613215
ARTW-001489,11.406939315247152
ARTW-001490,11.4795631814308
ARTW-001491,11.457270424383127
ARTW-001493,11.566889938578687
ARTW-001494,11.4795631814308
ARTW-001495,11.439307883857667
ARTW-001497,11.53778101952939
ARTW-001498,11.566889938578687
ARTW-001499,11.4795631814308
ARTW-001500,11.4795631814308
ARTW-001501,11.419180235071103
ARTW-001502,11.654216695726575
ARTW-001503,11.358797288711404
ARTW-001504,11.566889938578687
ARTW-001506,11.358797288711404
ARTW-001507,11.4795631814308
ARTW-001508,11.4795631814308
ARTW-001510,10.558296762632823
ARTW-001511,11.814549575231492
ARTW-001512,11.654216695726575
ARTW-001513,11.749762748624335
ARTW-001514,10.558296762632823
ARTW-001515,11.761105282063186
ARTW-001516,10.97232372402229
ARTW-001518,10.779086941677734
ARTW-001519,11.419180235071103
ARTW-001520,11.419180235071103
ARTW-001521,11.49752572195626
ARTW-001522,11.4795631814308
ARTW-001523,11.462843613645045
ARTW-001524,11.335303972038291
ARTW-001526,11.323557313701734
ARTW-001527,10.753646023072223
ARTW-001528,11.53778101952939
ARTW-001529,11.566889938578687
ARTW-001530,11.308168418961653
ARTW-001531,11.4795631814308
ARTW-001533,11.53778101952939
ARTW-001534,11.358797288711404
ARTW-001535,11.4795631814308
ARTW-001536,11.486183188517408
ARTW-001537,11.49752572195626
ARTW-001540,11.566889938578687
ARTW-001541,11.4795631814308
ARTW-001542,11.457270424383127
ARTW-001543,11.489493192060714
ARTW-001544,11.44937170825095
ARTW-001545,11.439307883857667
ARTW-001546,11.419180235071103
ARTW-001547,11.536698465398839
ARTW-001548,11.53778101952939
ARTW-001549,11.566889938578687
ARTW-001550,11.4795631814308
ARTW-001551,11.4795631814308
ARTW-001552,11.485818166890093
ARTW-001553,11.53778101952939
ARTW-001554,11.53778101952939
ARTW-001555,11.278341854517695
ARTW-001556,11.654216695726575
ARTW-001557,11.4795631814308
ARTW-001558,11.4795631814308
ARTW-001559,11.4795631814308
ARTW-001560,11.419180235071103
ARTW-001561,11.4795631814308
ARTW-001562,11.399052586284535
ARTW-001563,11.595998857627983
ARTW-001564,10.917657849740104
ARTW-001565,11.163177465068927
ARTW-001566,10.917657849740104
ARTW-001567,10.917657849740104
ARTW-001568,11.182341513122884
ARTW-001570,11.4795631814308
ARTW-001571,8.347353412124338
ARTW-001572,11.4795631814308
ARTW-001574,11.419180235071103
ARTW-001575,11.373800467036823
ARTW-001576,10.070599430845524
ARTW-001577,10.140580375550966
ARTW-001579,11.439307883857667
ARTW-001580,11.462310911042314
ARTW-001581,11.4795631814308
ARTW-001582,11.4795631814308
ARTW-001583,11.827634364121495
ARTW-001584,11.654216695726575
ARTW-001585,11.4795631814308
ARTW-001586,11.654216695726575
ARTW-001587,11.305160332582266
ARTW-001588,11.654216695726575
ARTW-001589,11.4795631814308
ARTW-001590,11.419180235071103
ARTW-001591,11.462843613645045
ARTW-001592,11.4795631814308
ARTW-001593,11.348761044794399
ARTW-001594,11.654216695726575
ARTW-001595,11.620189095410021
ARTW-001596,11.654216695726575
ARTW-001597,11.654216695726575
ARTW-001598,11.59808385278108
ARTW-001599,11.419180235071103
ARTW-001600,11.358797288711406
ARTW-001601,11.4795631814308
ARTW-001602,11.566889938578688
ARTW-001603,11.45541000288692
ARTW-001604,11.517653370742826
ARTW-001605,11.53778101952939
ARTW-001606,11.358797288711404
ARTW-001607,11.4795631814308
ARTW-001608,11.4795631814308
ARTW-001609,11.654216695726575
ARTW-001610,11.654216695726575
ARTW-001611,11.620189095410021
ARTW-001612,11.566889938578687
ARTW-001613,11.50650699221899
ARTW-001614,11.4795631814308
ARTW-001615,11.53778101952939
ARTW-001616,11.4795631814308
ARTW-001617,11.4795631814308
ARTW-001618,11.49752572195626
ARTW-001619,11.560202111464386
ARTW-001621,11.654216695726575
ARTW-001622,11.419180235071103
ARTW-001623,11.50650699221899
ARTW-001624,11.289819475262584
ARTW-001625,11.419180235071103
ARTW-001626,11.566889938578687
ARTW-001627,11.4795631814308
ARTW-001628,11.49752572195626
ARTW-001629,11.654216695726575
ARTW-001630,11.419180235071103
ARTW-001632,10.863199408377199
ARTW-001634,11.526438486090541
ARTW-001635,10.997869380189945
ARTW-001636,11.216651818702154
ARTW-001637,11.216651818702154
ARTW-001638,11.682357944025059
ARTW-001639,10.779086941677734
ARTW-001640,11.419180235071103
ARTW-001641,11.4795631814308
ARTW-001642,11.419180235071103
ARTW-001643,11.566889938578687
ARTW-001644,11.419180235071103
ARTW-001646,11.4795631814308
ARTW-001647,11.358797288711404
ARTW-001648,11.385698996436954
ARTW-001649,11.814549575231492
ARTW-001650,11.814549575231492
ARTW-001651,10.558296762632823
ARTW-001652,11.50650699221899
ARTW-001653,11.419180235071103
ARTW-001654,11.4795631814308
ARTW-001655,11.358797288711404
ARTW-001656,11.4795631814308
ARTW-001657,11.4795631814308
ARTW-001658,11.4795631814308
ARTW-001659,11.654216695726575
ARTW-001660,11.566889938578687
ARTW-001661,11.4795631814308
ARTW-001662,11.4795631814308
ARTW-001663,11.654216695726575
ARTW-001667,11.4795631814308
ARTW-001668,11.439307883857667
ARTW-001669,11.49752572195626
ARTW-001670,11.49752572195626
ARTW-001671,11.566889938578687
ARTW-001672,11.4795631814308
ARTW-001673,11.4795631814308
ARTW-001674,11.654216695726575
ARTW-001675,11.4795631814308
ARTW-001676,11.399052586284535
ARTW-001677,11.4795631814308
ARTW-001678,11.50650699221899
ARTW-001681,11.654216695726575
ARTW-001683,11.4795631814308
ARTW-001684,11.431256824343043
ARTW-001685,11.4795631814308
ARTW-001686,11.637202895568297
ARTW-001687,11.44937170825095
ARTW-001688,11.382950467255283
ARTW-001689,11.566889938578687
ARTW-001691,11.537781019529392
ARTW-001692,11.4795631814308
ARTW-001695,11.442034348658318
ARTW-001696,11.654216695726575
ARTW-001698,11.566889938578687
ARTW-001699,11.4795631814308
ARTW-001702,11.4795631814308
ARTW-001703,11.566889938578687
ARTW-001704,11.4795631814308
ARTW-001705,10.92792118922484
ARTW-001706,11.566889938578687
ARTW-001707,11.4795631814308
ARTW-001708,11.459435532644234
ARTW-001709,11.4795631814308
ARTW-001710,11.50650699221899
ARTW-001711,11.431256824343041
ARTW-001712,11.4795631814308
ARTW-001713,11.654216695726575
ARTW-001714,11.566889938578687
ARTW-001715,11.49752572195626
ARTW-001716,11.4795631814308
ARTW-001717,11.53778101952939
ARTW-001718,11.654216695726575
ARTW-001719,11.536698465398839
ARTW-001720,11.44937170825095
ARTW-001721,11.566889938578688
ARTW-001722,11.537781019529392
ARTW-001723,11.4795631814308
ARTW-001724,11.4795631814308
ARTW-001726,11.4795631814308
ARTW-001727,11.566889938578687
ARTW-001728,11.654216695726575
ARTW-001729,11.486183188517408
ARTW-001730,11.4795631814308
ARTW-001731,11.4795631814308
ARTW-001732,11.4795631814308
ARTW-001733,11.419180235071103
ARTW-001735,11.399052586284535
ARTW-001736,11.566889938578687
ARTW-001737,11.620189095410021
ARTW-001738,10.98663713892902
ARTW-001739,11.358797288711404
ARTW-001740,11.419180235071103
ARTW-001741,11.4795631814308
ARTW-001742,11.4795631814308
ARTW-001743,11.4795631814308
ARTW-001744,11.42668182423381
ARTW-001745,11.16755144597267
ARTW-001746,11.4795631814308
ARTW-001748,11.584656324189131
ARTW-001750,11.595998857627983
ARTW-001751,11.4795631814308
ARTW-001752,11.4795631814308
ARTW-001753,11.358797288711406
ARTW-001755,11.4795631814308
ARTW-001756,11.54942458714911
ARTW-001760,11.419180235071103
ARTW-001761,10.853595338159447
ARTW-001762,11.682357944025059
ARTW-001763,11.185997031300971
ARTW-001765,11.358797288711404
ARTW-001766,11.419180235071103
ARTW-001767,11.419180235071103
ARTW-001768,11.4795631814308
ARTW-001769,11.427806370265344
ARTW-001770,11.4795631814308
ARTW-001771,11.4795631814308
ARTW-001772,11.4795631814308
ARTW-001773,11.375559269611424
ARTW-001774,11.4795631814308
ARTW-001775,11.358797288711406
ARTW-001776,11.4795631814308
ARTW-001778,11.439307883857667
ARTW-001779,11.419180235071103
ARTW-001780,11.358797288711404
ARTW-001781,11.4795631814308
ARTW-001782,11.365668611665583
ARTW-001784,11.4795631814308
ARTW-001785,11.4795631814308
ARTW-001786,10.917657849740104
ARTW-001787,11.322367280722371
ARTW-001788,10.917657849740104
ARTW-001789,10.917657849740104
ARTW-001790,11.4795631814308
ARTW-001791,11.4795631814308
ARTW-001792,11.4795631814308
ARTW-001793,11.4795631814308
ARTW-001794,11.365300006451369
ARTW-001795,11.49752572195626
ARTW-001796,11.4795631814308
ARTW-001797,11.4795631814308
ARTW-001799,11.4795631814308
ARTW-001800,11.399052586284535
ARTW-001801,11.654216695726575
ARTW-001802,10.863199408377199
ARTW-001803,11.462843613645045
ARTW-001804,11.654216695726575
ARTW-001805,11.439307883857667
ARTW-001807,11.4795631814308
ARTW-001808,11.4795631814308
ARTW-001809,11.4795631814308
ARTW-001812,11.4795631814308
ARTW-001813,11.289819475262584
ARTW-001815,10.896172986317042
ARTW-001817,11.654216695726575
ARTW-001818,11.654216695726575
ARTW-001819,11.399052586284535
ARTW-001820,11.654216695726575
ARTW-001821,11.49009855897883
ARTW-001822,11.4795631814308
ARTW-001823,11.654216695726575
ARTW-001824,11.595998857627983
ARTW-001825,11.4795631814308
ARTW-001826,11.566889938578687
ARTW-001827,11.595998857627983
ARTW-001828,11.4795631814308
ARTW-001829,11.4795631814308
ARTW-001830,11.4795631814308
ARTW-001831,11.566889938578687
ARTW-001832,11.358797288711404
ARTW-001833,11.654216695726575
ARTW-001834,11.358797288711404
ARTW-001835,11.49752572195626
ARTW-001837,11.566889938578688
ARTW-001838,11.4795631814308
ARTW-001839,11.4795631814308
ARTW-001840,11.49752572195626
ARTW-001841,11.4795631814308
ARTW-001842,11.55574356005485
ARTW-001843,11.419180235071103
ARTW-001844,11.220841661813765
ARTW-001846,11.654216695726575
ARTW-001847,11.466187527202198
ARTW-001848,11.358797288711404
ARTW-001849,11.584656324189131
ARTW-001850,11.4795631814308
ARTW-001851,11.4795631814308
ARTW-001852,11.50650699221899
ARTW-001853,11.455410002886921
ARTW-001854,10.779086941677734
ARTW-001856,11.070796859694013
ARTW-001858,11.375559269611424
ARTW-001859,11.44937170825095
ARTW-001860,11.375559269611424
ARTW-001861,11.323557313701734
ARTW-001862,11.323557313701734
ARTW-001863,11.320010948442434
ARTW-001864,11.263174367342037
ARTW-001865,11.4795631814308
ARTW-001866,11.439307883857667
ARTW-001867,11.419180235071103
ARTW-001868,11.4795631814308
ARTW-001870,11.493035086824895
ARTW-001871,11.358797288711406
ARTW-001872,11.654216695726575
ARTW-001874,10.435493258328647
ARTW-001875,11.654216695726575
ARTW-001876,11.4795631814308
ARTW-001877,11.4795631814308
ARTW-001878,11.419180235071103
ARTW-001879,11.419180235071103
ARTW-001880,11.4795631814308
ARTW-001881,11.654216695726575
ARTW-001882,11.470893278904242
ARTW-001883,11.620189095410021
ARTW-001884,11.358797288711404
ARTW-001885,11.4795631814308
ARTW-001886,11.566889938578687
ARTW-001887,11.481648176583898
ARTW-001888,11.278341854517695
ARTW-001889,11.4795631814308
ARTW-001890,11.419180235071103
ARTW-001891,11.566889938578687
ARTW-001892,11.49752572195626
ARTW-001893,11.305160332582266
ARTW-001895,11.566889938578687
ARTW-001896,11.486183188517408
ARTW-001897,11.49752572195626
ARTW-001898,11.439307883857667
ARTW-001899,11.49752572195626
ARTW-001900,11.307082168352776
ARTW-001901,11.4795631814308
ARTW-001902,11.4795631814308
ARTW-001904,11.375559269611424
ARTW-001905,11.419180235071103
ARTW-001906,11.358797288711404
ARTW-001907,9.88326682359772
ARTW-001908,11.4795631814308
ARTW-001909,11.54942458714911
ARTW-001910,11.4795631814308
ARTW-001911,11.4795631814308
ARTW-001912,11.55574356005485
ARTW-001913,11.4795631814308
ARTW-001916,11.4795631814308
ARTW-001917,11.358797288711404
ARTW-001918,11.529464185515307
ARTW-001920,11.4795631814308
ARTW-001922,11.419180235071103
ARTW-001923,11.595998857627983
ARTW-001924,11.308168418961653
ARTW-001925,11.455410002886921
ARTW-001926,11.462843613645047
ARTW-001927,11.419180235071103
ARTW-001929,11.566889938578688
ARTW-001930,11.654216695726575
ARTW-001931,11.613137500886205
ARTW-001932,11.358797288711404
ARTW-001934,11.654216695726575
ARTW-001936,11.4795631814308
ARTW-001937,11.4795631814308
ARTW-001938,11.654216695726575
ARTW-001939,11.566889938578687
ARTW-001940,11.4795631814308
ARTW-001941,11.4795631814308
ARTW-001942,11.4795631814308
ARTW-001943,11.4795631814308
ARTW-001944,11.566889938578687
ARTW-001945,11.457270424383127
ARTW-001946,11.4795631814308
ARTW-001947,11.523226560004744
ARTW-001948,11.53778101952939
ARTW-001949,11.4795631814308
ARTW-001950,11.4795631814308
ARTW-001951,11.477398073169693
ARTW-001952,11.53778101952939
ARTW-001953,11.4795631814308
ARTW-001954,11.4795631814308
ARTW-001955,11.50650699221899
ARTW-001956,11.4795631814308
ARTW-001957,11.50650699221899
ARTW-001958,11.4795631814308
ARTW-001959,11.4795631814308
ARTW-001960,11.566889938578687
ARTW-001961,11.536698465398839
ARTW-001962,11.4795631814308
ARTW-001963,11.485818166890093
ARTW-001964,11.566889938578687
ARTW-001965,11.4795631814308
ARTW-001968,11.566889938578687
ARTW-001969,11.526438486090541
ARTW-001970,11.420515378611892
ARTW-001971,11.536698465398839
ARTW-001972,11.439307883857667
ARTW-001973,11.4795631814308
ARTW-001974,11.4795631814308
ARTW-001975,11.566889938578688
ARTW-001976,11.439307883857667
ARTW-001978,11.54987613842041
ARTW-001979,11.49752572195626
ARTW-001980,11.358797288711406
ARTW-001981,11.550675584240969
ARTW-001982,10.949554364100797
ARTW-001983,11.654216695726575
ARTW-001985,10.96212014219673
ARTW-001986,11.654216695726575
ARTW-001987,11.439307883857667
ARTW-001988,11.307082168352776
ARTW-001989,11.358797288711406
ARTW-001991,11.4795631814308
ARTW-001992,11.53778101952939
ARTW-001993,11.4795631814308
ARTW-001995,11.289819475262584
ARTW-001996,11.4795631814308
ARTW-001997,11.654216695726575
ARTW-001998,11.419180235071103
ARTW-001999,11.49752572195626
ARTW-002000,11.740307606973609
ARTW-002001,11.439307883857667
ARTW-002002,11.53778101952939
ARTW-002003,11.55574356005485
ARTW-002004,11.07712052760459
ARTW-002005,11.566889938578687
ARTW-002006,10.917657849740104
ARTW-002007,11.40869708039775
ARTW-002008,11.654216695726575
ARTW-002009,11.419180235071103
ARTW-002010,11.419180235071103
ARTW-002011,11.4795631814308
ARTW-002012,11.566889938578687
ARTW-002013,11.439307883857667
ARTW-002014,11.4795631814308
ARTW-002015,10.96212014219673
ARTW-002016,11.419180235071103
ARTW-002017,11.566889938578687
ARTW-002018,11.439307883857667
ARTW-002019,11.439307883857667
ARTW-002021,11.654216695726575
ARTW-002022,11.489493192060714
ARTW-002023,11.537781019529392
ARTW-002024,11.4795631814308
ARTW-002025,11.4795631814308
ARTW-002027,11.4795631814308
ARTW-002028,11.4795631814308
ARTW-002029,11.4795631814308
ARTW-002031,11.4795631814308
ARTW-002032,11.654216695726575
ARTW-002033,11.490340705746075
ARTW-002034,11.654216695726575
ARTW-002035,11.566889938578687
ARTW-002036,11.49752572195626
ARTW-002037,11.490340705746075
ARTW-002038,11.419180235071103
ARTW-002039,10.96212014219673
ARTW-002040,11.48854445169353
ARTW-002041,11.54942458714911
ARTW-002042,11.4795631814308
ARTW-002043,11.4795631814308
ARTW-002044,11.4795631814308
ARTW-002045,11.419180235071103
ARTW-002046,11.566889938578687
ARTW-002047,11.4795631814308
ARTW-002048,11.4795631814308
ARTW-002049,11.4795631814308
ARTW-002050,11.566889938578687
ARTW-002051,11.50650699221899
ARTW-002052,11.523226560004744
ARTW-002053,11.4795631814308
ARTW-002054,11.358797288711404
ARTW-002055,11.493035086824895
ARTW-002056,11.06894211519457
ARTW-002057,10.779086941677734
ARTW-002059,11.220841661813765
ARTW-002060,11.4795631814308
ARTW-002061,11.358797288711404
ARTW-002062,11.358797288711404
ARTW-002063,11.4795631814308
ARTW-002065,11.566889938578687
ARTW-002066,11.419180235071103
ARTW-002067,11.566889938578687
ARTW-002068,11.4795631814308
ARTW-002069,11.4795631814308
ARTW-002070,11.4795631814308
ARTW-002071,11.566889938578688
ARTW-002072,11.358797288711406
ARTW-002073,11.620189095410021
ARTW-002074,11.654216695726575
ARTW-002075,11.419180235071103
ARTW-002076,11.566889938578687
ARTW-002077,11.4795631814308
ARTW-002078,11.4795631814308
ARTW-002079,11.50650699221899
ARTW-002082,11.654216695726575
ARTW-002083,11.50650699221899
ARTW-002084,11.53778101952939
ARTW-002085,11.4795631814308
ARTW-002086,11.493035086824895
ARTW-002087,11.407103645799163
ARTW-002088,11.358797288711404
ARTW-002089,11.4795631814308
ARTW-002090,11.358797288711404
ARTW-002093,11.49752572195626
ARTW-002094,11.526438486090541
ARTW-002095,11.4795631814308
ARTW-002096,11.566889938578688
ARTW-002097,11.49752572195626
ARTW-002098,11.489493192060714
ARTW-002099,11.358797288711404
ARTW-002100,11.566889938578687
ARTW-002101,11.554414687557559
ARTW-002102,11.61055331715263
ARTW-002104,11.4795631814308
ARTW-002105,11.566889938578687
ARTW-002106,11.81454957523149
ARTW-002107,11.654216695726575
ARTW-002109,10.90077215109631
ARTW-002110,9.836044757968699
ARTW-002111,10.524049878781177
ARTW-002112,11.421782800758416
ARTW-002114,11.4795631814308
ARTW-002115,11.431256824343041
ARTW-002116,11.426907941753356
ARTW-002117,11.4795631814308
ARTW-002118,11.654216695726575
ARTW-002119,11.566889938578687
ARTW-002120,11.4795631814308
ARTW-002121,11.654216695726575
ARTW-002122,11.485818166890093
ARTW-002123,11.419180235071103
ARTW-002124,11.419180235071103
ARTW-002125,11.4795631814308
ARTW-002126,11.50650699221899
ARTW-002127,11.4795631814308
ARTW-002128,11.4795631814308
ARTW-002129,11.4795631814308
ARTW-002130,11.566889938578688
ARTW-002131,11.566889938578688
ARTW-002132,11.566889938578688
ARTW-002133,11.654216695726575
ARTW-002134,11.537781019529392
ARTW-002135,11.566889938578688
ARTW-002136,11.4795631814308
ARTW-002137,11.654216695726575
ARTW-002138,11.537781019529392
ARTW-002140,11.419180235071103
ARTW-002142,11.4795631814308
ARTW-002143,11.358797288711404
ARTW-002144,11.4795631814308
ARTW-002145,11.44937170825095
ARTW-002146,11.54942458714911
ARTW-002147,11.4795631814308
ARTW-002148,11.50650699221899
ARTW-002149,11.419180235071103
ARTW-002150,11.566889938578687
ARTW-002151,11.419180235071103
ARTW-002152,11.566889938578687
ARTW-002153,11.439307883857667
ARTW-002154,10.950526165525087
ARTW-002155,11.4795631814308
ARTW-002156,11.526438486090541
ARTW-002157,10.83052406516239
ARTW-002158,11.4795631814308
ARTW-002159,11.4795631814308
ARTW-002161,11.4795631814308
ARTW-002162,11.4795631814308
ARTW-002164,11.358797288711404
ARTW-002165,11.428161505333833
ARTW-002166,11.4795631814308
ARTW-002167,11.485818166890093
ARTW-002168,11.4795631814308
ARTW-002169,11.390755030941895
ARTW-002170,11.382457475599255
ARTW-002171,11.4795631814308
ARTW-002172,11.440720899098181
ARTW-002174,11.37062738215533
ARTW-002175,11.419180235071103
ARTW-002176,11.358797288711404
ARTW-002177,11.566889938578687
ARTW-002178,11.584656324189131
ARTW-002179,11.53778101952939
ARTW-002180,11.493035086824895
ARTW-002181,11.4795631814308
ARTW-002182,11.419180235071103
ARTW-002183,11.419180235071103
ARTW-002184,11.419180235071103
ARTW-002185,11.358797288711404
ARTW-002186,11.358797288711406
ARTW-002187,11.399052586284535
ARTW-002190,11.584656324189133
ARTW-002191,11.620189095410021
ARTW-002192,10.950526165525087
ARTW-002193,11.419180235071103
ARTW-002195,11.278341854517695
ARTW-002196,11.4795631814308
ARTW-002197,10.96212014219673
ARTW-002198,11.419180235071103
ARTW-002199,11.358797288711404
ARTW-002200,11.4795631814308
ARTW-002201,11.4795631814308
ARTW-002202,11.417160834339173
ARTW-002203,11.358797288711406
ARTW-002204,11.335303972038291
ARTW-002205,11.439307883857667
ARTW-002206,11.16755144597267
ARTW-002207,11.263174367342037
ARTW-002208,11.422434574271165
ARTW-002209,11.4795631814308
ARTW-002210,11.439307883857667
ARTW-002211,11.4795631814308
ARTW-002212,11.431010328515027
ARTW-002213,11.419180235071103
ARTW-002214,11.4795631814308
ARTW-002215,11.4795631814308
ARTW-002216,11.566889938578687
ARTW-002217,11.620189095410021
ARTW-002218,11.455410002886921
ARTW-002219,11.16755144597267
ARTW-002220,11.271555357792046
ARTW-002221,11.4795631814308
ARTW-002222,11.483733171736995
ARTW-002223,11.4795631814308
ARTW-002225,11.419180235071103
ARTW-002226,11.654216695726575
ARTW-002227,11.493035086824895
ARTW-002228,11.537781019529392
ARTW-002229,11.358797288711406
ARTW-002230,11.419180235071103
ARTW-002231,10.657744817359333
ARTW-002232,11.654216695726575
ARTW-002233,12.001052032516418
ARTW-002234,11.4795631814308
ARTW-002235,11.4795631814308
ARTW-002236,11.620189095410021
ARTW-002237,11.419180235071103
ARTW-002239,11.654216695726575
ARTW-002241,11.53778101952939
ARTW-002242,11.50650699221899
ARTW-002243,11.358797288711404
ARTW-002244,11.4795631814308
ARTW-002245,11.794621322043328
ARTW-002246,11.419180235071103
ARTW-002247,11.470009142696082
ARTW-002249,11.4795631814308
ARTW-002250,11.4795631814308
ARTW-002252,11.4795631814308
ARTW-002253,11.654216695726575
ARTW-002255,11.4795631814308
ARTW-002256,11.439307883857667
ARTW-002257,11.439307883857667
